Category Name,Camera Name,View ID,X,Y,Z,heading,pitch,TrackIR Enabled,Smooth Transition,HeadShake,RetainMouseLookPosition, Enable Temporary Positioning,Enable Linear Transition,Linear Transition Frames,Enable Auto Advance,Limit TrackIR, Max TrackIR X,Max TrackIR Y,Max TrackIR Z,Min TrackIR X,Min TrackIR Y,Min TrackIR Z,Zoom,FOV,Enable FOV,Smooth Camera Joins, Enable Track Heading, Enable Track Pitch, CGY Offset, CGZ Offset, Enable Level Camera, Enable View Axis, Enable External Camera, Enable Cineflex Camera, Enable Free Camera, Initial Movement Range, Enable Bezier Transition, Run Code,Transition Seconds,Hidden Camera,X-Camera Version,Default FOV,Aircraft,Author,Camera File Version,Category Index,Manual Enable, Latitude,Longitude, Elevation, X-Plane 9 Chase View, roll, Target Following Camera, Scenic Flyer GA Panel, Scenic Flyer Glass Panel, Cinema Verite, CGX Offset, Hide Yoke, Enable Camera Axis, Enable XPRealistic, Enable RealView, Disable 3D Cockpit Zoom, AGL Camera, Height ABove AGL (Meters),Circle View, Transition Delay, Script ID, Camera Origin,Target Reciprocal, G-Loaded Camera, Passive Camera 
Cockpit,Captain View,1,-0.450000,1.045170,-16.000000,0.000000,346.000000,FALSE,FALSE,TRUE,TRUE,TRUE,FALSE,0,FALSE,FALSE,0.000000,0.000000,0.000000,0.000000,0.000000,0.000000,1.000000,61.770000,FALSE,FALSE,FALSE,FALSE,0.000000,0.000000,FALSE,FALSE,FALSE,FALSE,FALSE,1,FALSE,18442728,0.0,FALSE,2.4.5 Beta 1,68.000000,b738, ,2022-09-11 14:07:58 ,0,FALSE,0,0,0,FALSE,0.000000,FALSE,FALSE,FALSE,FALSE,0.000000,0,FALSE,FALSE,FALSE,FALSE,FALSE,0.000000,FALSE,0.0,0,0,FALSE,TRUE,FALSE
Cockpit,Captain EFB,3,-0.288489,0.985710,-16.100000,292.000000,340.000000,FALSE,TRUE,FALSE,TRUE,TRUE,FALSE,0,FALSE,FALSE,0.000000,0.000000,0.000000,0.000000,0.000000,0.000000,1.901879,61.770000,FALSE,FALSE,FALSE,FALSE,0.000000,0.000000,FALSE,FALSE,FALSE,FALSE,FALSE,1,FALSE,18442728,0.0,FALSE,2.4.5 Beta 1,68.000000,b738, ,2022-09-11 14:07:58 ,0,FALSE,0,0,0,FALSE,0.000000,FALSE,FALSE,FALSE,FALSE,0.000000,0,FALSE,FALSE,FALSE,FALSE,FALSE,0.000000,FALSE,0.0,0,0,FALSE,FALSE,FALSE
Cockpit,Captain FMC,4,-0.154022,1.038528,-16.000000,0.000000,322.000000,FALSE,TRUE,FALSE,TRUE,TRUE,FALSE,0,FALSE,FALSE,0.000000,0.000000,0.000000,0.000000,0.000000,0.000000,1.999941,61.770000,FALSE,FALSE,FALSE,FALSE,0.000000,0.000000,FALSE,FALSE,FALSE,FALSE,FALSE,1,FALSE,18442728,0.0,FALSE,2.4.5 Beta 1,68.000000,b738, ,2022-09-11 14:07:58 ,0,FALSE,0,0,0,FALSE,0.000000,FALSE,FALSE,FALSE,FALSE,0.000000,0,FALSE,FALSE,FALSE,FALSE,FALSE,0.000000,FALSE,0.0,0,0,FALSE,FALSE,FALSE
Cockpit,FO View,2,0.526184,1.045000,-16.000000,0.000000,346.000000,FALSE,FALSE,TRUE,TRUE,TRUE,FALSE,0,FALSE,FALSE,0.000000,0.000000,0.000000,0.000000,0.000000,0.000000,1.000000,61.770000,FALSE,FALSE,FALSE,FALSE,0.000000,0.000000,FALSE,FALSE,FALSE,FALSE,FALSE,1,FALSE,18442728,0.0,FALSE,2.4.5 Beta 1,68.000000,b738, ,2022-09-11 14:07:58 ,0,FALSE,0,0,0,FALSE,0.000000,FALSE,FALSE,FALSE,FALSE,0.000000,0,FALSE,FALSE,FALSE,FALSE,FALSE,0.000000,FALSE,0.0,0,0,FALSE,TRUE,FALSE
Cockpit,FO EFB,5,0.430008,0.970287,-16.100000,51.000000,340.000000,FALSE,TRUE,FALSE,TRUE,TRUE,FALSE,0,FALSE,FALSE,0.000000,0.000000,0.000000,0.000000,0.000000,0.000000,1.497789,61.770000,FALSE,FALSE,FALSE,FALSE,0.000000,0.000000,FALSE,FALSE,FALSE,FALSE,FALSE,1,FALSE,18442728,0.0,FALSE,2.4.5 Beta 1,68.000000,b738, ,2022-09-11 14:07:58 ,0,FALSE,0,0,0,FALSE,0.000000,FALSE,FALSE,FALSE,FALSE,0.000000,0,FALSE,FALSE,FALSE,FALSE,FALSE,0.000000,FALSE,0.0,0,0,FALSE,FALSE,FALSE
Cockpit,FO FMC,6,0.291135,1.032676,-16.000000,0.000000,324.000000,FALSE,TRUE,FALSE,TRUE,TRUE,FALSE,0,FALSE,FALSE,0.000000,0.000000,0.000000,0.000000,0.000000,0.000000,1.747445,61.770000,FALSE,FALSE,FALSE,FALSE,0.000000,0.000000,FALSE,FALSE,FALSE,FALSE,FALSE,1,FALSE,18442728,0.0,FALSE,2.4.5 Beta 1,68.000000,b738, ,2022-09-11 14:07:58 ,0,FALSE,0,0,0,FALSE,0.000000,FALSE,FALSE,FALSE,FALSE,0.000000,0,FALSE,FALSE,FALSE,FALSE,FALSE,0.000000,FALSE,0.0,0,0,FALSE,FALSE,FALSE
Cockpit,Overhead Front,9,-0.014965,0.800000,-15.500000,0.046875,31.166656,FALSE,FALSE,TRUE,TRUE,TRUE,FALSE,0,FALSE,FALSE,0.000000,0.000000,0.000000,0.000000,0.000000,0.000000,1.518583,61.770000,FALSE,FALSE,FALSE,FALSE,0.000000,0.000000,FALSE,FALSE,FALSE,FALSE,FALSE,1,FALSE,18442728,0.0,FALSE,2.4.5 Beta 1,68.000000,b738, ,2022-09-11 14:07:58 ,0,FALSE,0,0,0,FALSE,0.000000,FALSE,FALSE,FALSE,FALSE,0.000000,0,FALSE,FALSE,FALSE,FALSE,FALSE,0.000000,FALSE,0.0,0,0,FALSE,FALSE,FALSE
Cockpit,HUD,7,-0.520162,1.030000,-16.096121,0.000000,345.000000,FALSE,FALSE,TRUE,TRUE,TRUE,FALSE,0,FALSE,FALSE,0.000000,0.000000,0.000000,0.000000,0.000000,0.000000,1.000000,61.770000,FALSE,FALSE,FALSE,FALSE,0.000000,0.000000,FALSE,FALSE,FALSE,FALSE,FALSE,1,FALSE,18442728,0.0,FALSE,2.4.5 Beta 1,68.000000,b738, ,2022-09-11 14:07:58 ,0,FALSE,0,0,0,FALSE,0.000000,FALSE,FALSE,FALSE,FALSE,0.000000,0,FALSE,FALSE,FALSE,FALSE,FALSE,0.000000,FALSE,0.0,0,0,FALSE,TRUE,FALSE
Cockpit,Captain Zoomed,10,-0.450000,1.045000,-16.100000,0.000000,356.000000,FALSE,FALSE,TRUE,TRUE,TRUE,FALSE,0,FALSE,FALSE,0.000000,0.000000,0.000000,0.000000,0.000000,0.000000,2.000191,61.770000,FALSE,FALSE,FALSE,FALSE,0.000000,0.000000,FALSE,FALSE,FALSE,FALSE,FALSE,1,FALSE,18442728,0.0,FALSE,2.4.5 Beta 1,68.000000,b738, ,2022-09-11 14:07:58 ,0,FALSE,0,0,0,FALSE,0.000000,FALSE,FALSE,FALSE,FALSE,0.000000,0,FALSE,FALSE,FALSE,FALSE,FALSE,0.000000,FALSE,0.0,0,0,FALSE,TRUE,FALSE
Cockpit,Captain View multiprofile,0,-0.450000,1.045000,-16.000000,0.000000,346.000000,FALSE,FALSE,TRUE,TRUE,TRUE,FALSE,0,FALSE,FALSE,0.000000,0.000000,0.000000,0.000000,0.000000,0.000000,1.000000,61.770000,FALSE,FALSE,FALSE,FALSE,0.000000,0.000000,FALSE,FALSE,FALSE,FALSE,FALSE,1,FALSE,18442728,0.0,FALSE,2.4.5 Beta 1,68.000000,b738, ,2022-09-11 14:07:58 ,0,FALSE,0,0,0,FALSE,0.000000,FALSE,FALSE,FALSE,FALSE,0.000000,0,FALSE,FALSE,FALSE,FALSE,FALSE,0.000000,FALSE,0.0,0,0,FALSE,FALSE,FALSE
Cockpit,(Copy of) Overhead Front,0,-0.384906,1.037529,-15.591779,22.265625,19.624990,FALSE,FALSE,TRUE,TRUE,TRUE,FALSE,0,FALSE,FALSE,0.000000,0.000000,0.000000,0.000000,0.000000,0.000000,1.251620,61.770000,FALSE,FALSE,FALSE,FALSE,0.000000,0.000000,FALSE,FALSE,FALSE,FALSE,FALSE,1,FALSE,18442728,0.0,FALSE,2.4.5 Beta 1,68.000000,b738, ,2022-09-11 14:07:58 ,0,FALSE,0,0,0,FALSE,0.000000,FALSE,FALSE,FALSE,FALSE,0.000000,0,FALSE,FALSE,FALSE,FALSE,FALSE,0.000000,FALSE,0.0,0,0,FALSE,FALSE,FALSE
Cockpit,FO Zoomed,8,0.526184,1.040170,-16.000000,0.046875,358.000000,FALSE,FALSE,TRUE,TRUE,TRUE,FALSE,0,FALSE,FALSE,0.000000,0.000000,0.000000,0.000000,0.000000,0.000000,1.998441,61.770000,FALSE,FALSE,FALSE,FALSE,0.000000,0.000000,FALSE,FALSE,FALSE,FALSE,FALSE,1,FALSE,18442728,0.0,FALSE,2.4.5 Beta 1,68.000000,b738, ,2022-09-11 14:07:58 ,0,FALSE,0,0,0,FALSE,0.000000,FALSE,FALSE,FALSE,FALSE,0.000000,0,FALSE,FALSE,FALSE,FALSE,FALSE,0.000000,FALSE,0.0,0,0,FALSE,TRUE,FALSE
Cabin,Left Front,11,-1.700000,0.850000,-6.800000,230.000000,350.000000,FALSE,FALSE,FALSE,TRUE,TRUE,FALSE,0,FALSE,FALSE,0.000000,0.000000,0.000000,0.000000,0.000000,0.000000,1.000000,61.770000,FALSE,FALSE,FALSE,FALSE,0.000000,0.000000,FALSE,FALSE,FALSE,FALSE,FALSE,1,FALSE,18442728,0.0,FALSE,2.4.5 Beta 1,68.000000,b738, ,2022-09-11 14:07:58 ,1,FALSE,0,0,0,FALSE,0.000000,FALSE,FALSE,FALSE,FALSE,0.000000,0,FALSE,FALSE,FALSE,FALSE,FALSE,0.000000,FALSE,0.0,0,0,FALSE,TRUE,FALSE
Cabin,Right Front,13,1.679744,0.849901,-7.450000,130.000000,348.000000,FALSE,FALSE,FALSE,TRUE,TRUE,FALSE,0,FALSE,FALSE,0.000000,0.000000,0.000000,0.000000,0.000000,0.000000,1.000000,61.770000,FALSE,FALSE,FALSE,FALSE,0.000000,0.000000,FALSE,FALSE,FALSE,FALSE,FALSE,1,FALSE,18442728,0.0,FALSE,2.4.5 Beta 1,68.000000,b738, ,2022-09-11 14:07:58 ,1,FALSE,0,0,0,FALSE,0.000000,FALSE,FALSE,FALSE,FALSE,0.000000,0,FALSE,FALSE,FALSE,FALSE,FALSE,0.000000,FALSE,0.0,0,0,FALSE,FALSE,FALSE
Cabin,Left Aft,12,-1.440327,0.841587,6.700000,285.000000,351.000000,FALSE,FALSE,FALSE,TRUE,TRUE,FALSE,0,FALSE,FALSE,0.000000,0.000000,0.000000,0.000000,0.000000,0.000000,1.000000,61.770000,FALSE,FALSE,FALSE,FALSE,0.000000,0.000000,FALSE,FALSE,FALSE,FALSE,FALSE,1,FALSE,18442728,0.0,FALSE,2.4.5 Beta 1,68.000000,b738, ,2022-09-11 14:07:58 ,1,FALSE,0,0,0,FALSE,0.000000,FALSE,FALSE,FALSE,FALSE,0.000000,0,FALSE,FALSE,FALSE,FALSE,FALSE,0.000000,FALSE,0.0,0,0,FALSE,FALSE,FALSE
Cabin,Right Aft,14,1.600000,0.800000,8.800000,66.859375,356.041687,FALSE,FALSE,FALSE,TRUE,TRUE,FALSE,0,FALSE,FALSE,0.000000,0.000000,0.000000,0.000000,0.000000,0.000000,1.000000,61.770000,FALSE,FALSE,FALSE,FALSE,0.000000,0.000000,FALSE,FALSE,FALSE,FALSE,FALSE,1,FALSE,18442728,0.0,FALSE,2.4.5 Beta 1,68.000000,b738, ,2022-09-11 14:07:58 ,1,FALSE,0,0,0,FALSE,0.000000,FALSE,FALSE,FALSE,FALSE,0.000000,0,FALSE,FALSE,FALSE,FALSE,FALSE,0.000000,FALSE,0.0,0,0,FALSE,FALSE,FALSE
